{
    "Description": [
        "Description: Optimizting the Glu-Fru system for the sythetic solution on PCR.Ca. 3 iterations. [1 1 1 1] configuration. We placed a upper flowrate constraint of 1<Q<12 L/h"
    ],
    "m1": [
        5.5,
        5.058483858239369,
        5.91977438362347
    ],
    "m2": [
        4.2,
        4.630181566524026,
        4.086956474648283
    ],
    "m3": [
        4.71,
        5.194496285822327,
        5.039405389156763
    ],
    "m4": [
        3.0,
        1.0307225071665076,
        2.107951591571392
    ],
    "t_index_min": [
        10.0,
        3.6776527991482535,
        4.948508181706379
    ],
    "Q1_(L/h)": [
        21.543209822604204,
        19.918264501949196,
        23.08813730289915
    ],
    "Q2_(L/h)": [
        16.75872129081963,
        18.34195111514219,
        16.34267863648287
    ],
    "Q3_(L/h)": [
        18.63571294559665,
        20.41884134806523,
        19.84804856615709
    ],
    "Q4_(L/h)": [
        12.3422703384031,
        5.094589122739003,
        9.059196969231285
    ],
    "V_col_(mL)": [
        1394.0817400304707
    ],
    "L_col_(cm)": [
        71
    ],
    "A_col_(cm)": [
        19.634954084936208
    ],
    "d_col_(cm)": [
        5
    ],
    "config": [
        1,
        1,
        1,
        1
    ],
    "e": [
        0.56
    ]
}