{
    "Description": [
        "Description: Optimizting the Glu-Fru system for the sythetic solution on PCR.Ca. 3 iterations. [1 1 1 1] configuration. We placed a upper flowrate constraint of 1<Q<12 L/h"
    ],
    "m1": [
        5.5,
        5.006188039833614,
        5.441675138141058
    ],
    "m2": [
        4.2,
        4.055053028010865,
        4.555267889005112
    ],
    "m3": [
        4.71,
        5.386814555973121,
        5.4349596711921695
    ],
    "m4": [
        3.0,
        1.0460369788605943,
        3.3814626740209763
    ],
    "t_index_min": [
        10.0,
        3.864756987070007,
        3.963529221249247
    ],
    "Q1_(L/h)": [
        21.543209822604204,
        19.725796237777946,
        21.328552412848794
    ],
    "Q2_(L/h)": [
        16.75872129081963,
        16.225261963743538,
        18.06624062978599
    ],
    "Q3_(L/h)": [
        18.63571294559665,
        21.126644854210706,
        21.30383697084685
    ],
    "Q4_(L/h)": [
        12.3422703384031,
        5.150952133654925,
        13.746196330062515
    ],
    "V_col_(mL)": [
        1394.0817400304707
    ],
    "L_col_(cm)": [
        71
    ],
    "A_col_(cm)": [
        19.634954084936208
    ],
    "d_col_(cm)": [
        5
    ],
    "config": [
        1,
        1,
        1,
        1
    ],
    "e": [
        0.56
    ]
}