{
    "Description": [
        "Description: Optimizting the Glu-Fru system for the sythetic solution on PCR.Ca. 3 iterations. [1 1 1 1] configuration. We placed a upper flowrate constraint of 1<Q<12 L/h"
    ],
    "m1": [
        5.5,
        5.024241645484024,
        5.371089178665222
    ],
    "m2": [
        4.2,
        4.477376863162786,
        4.051556075954484
    ],
    "m3": [
        4.71,
        5.319426536964427,
        5.295380345865802
    ],
    "m4": [
        3.0,
        1.0294223563289413,
        2.7992826132252593
    ],
    "t_index_min": [
        10.0,
        3.6955491267209784,
        4.011534206468235
    ],
    "Q1_(L/h)": [
        43.53475639839302,
        39.996377825887464,
        42.57600226691984
    ],
    "Q2_(L/h)": [
        33.86620911888796,
        35.92915628483427,
        32.7621805819731
    ],
    "Q3_(L/h)": [
        37.659254590078405,
        42.19176942548272,
        42.012929628921896
    ],
    "Q4_(L/h)": [
        24.94139624549868,
        10.285532310291522,
        23.44859198099846
    ],
    "V_col_(mL)": [
        1394.0817400304707
    ],
    "L_col_(cm)": [
        71
    ],
    "A_col_(cm)": [
        19.634954084936208
    ],
    "d_col_(cm)": [
        5
    ],
    "config": [
        1,
        1,
        1,
        1
    ],
    "e": [
        0.56
    ]
}