{
    "Description": [
        "Description: Optimizting the Glu-Fru system for the sythetic solution on PCR.Ca. 3 iterations. [1 1 1 1] configuration. We placed a upper flowrate constraint of 1<Q<12 L/h"
    ],
    "m1": [
        5.5,
        5.559297279309524,
        5.123016661988184
    ],
    "m2": [
        4.2,
        4.979997564871888,
        4.093631784395928
    ],
    "m3": [
        4.71,
        5.384022711047226,
        5.225965433443047
    ],
    "m4": [
        3.0,
        1.00530089773267,
        1.8320928020382767
    ],
    "t_index_min": [
        10.0,
        3.9081527872319843,
        9.661642147838634
    ],
    "Q1_(L/h)": [
        54.35360412408943,
        54.90421510541354,
        50.85308659440602
    ],
    "Q2_(L/h)": [
        42.28232051620279,
        49.525068069302414,
        41.29462751818618
    ],
    "Q3_(L/h)": [
        47.01797793160446,
        53.27668508791809,
        51.809027992340766
    ],
    "Q4_(L/h)": [
        31.13959718584589,
        12.6176136659491,
        20.29487486716268
    ],
    "V_col_(mL)": [
        1394.0817400304707
    ],
    "L_col_(cm)": [
        71
    ],
    "A_col_(cm)": [
        19.634954084936208
    ],
    "d_col_(cm)": [
        5
    ],
    "config": [
        1,
        1,
        1,
        1
    ],
    "e": [
        0.56
    ]
}