{
    "Description": [
        "Description: Optimizting the Glu-Fru system for the sythetic solution on PCR.Ca. 21 iterations. [3 3 3 3] configuration. We placed a upper flowrate constraint of 0.1<Q<1 L/h"
    ],
    "m1": [
        0.508,
        0.9992439695561597,
        0.6158685890790079,
        0.5102011786453826,
        0.9999180632068014,
        0.50026722761634,
        0.5033510183309325,
        0.5000834294586658,
        0.5003358562074292,
        0.500048792206152,
        0.5064945228462375,
        0.5158723938789144,
        0.9997657051059916,
        0.9934441790609885,
        0.6760540939573005,
        0.7061441133435454,
        0.6461800777572924,
        0.6321663317718063,
        0.83239742826273,
        0.9929228435792625,
        0.9985630144867805
    ],
    "m2": [
        0.297,
        0.11587982189320692,
        0.13816236036508409,
        0.33061536291512905,
        0.10007389456002976,
        0.22563974219989424,
        0.317594992162072,
        0.328727843659815,
        0.3289356954208782,
        0.3285284953986786,
        0.23339734089292133,
        0.10691557524469844,
        0.37831426605607205,
        0.13844169231775003,
        0.5200408415056158,
        0.34005868445608434,
        0.4063401213385961,
        0.26339506365339727,
        0.5133358910048162,
        0.12636073858540312,
        0.4947421849949294
    ],
    "m3": [
        0.413,
        0.5375223391814294,
        0.4859477392378029,
        0.5265537598625892,
        0.27140645810485003,
        0.5497576603576946,
        0.5474034484313784,
        0.5499490036749218,
        0.549741168524354,
        0.5499329621097769,
        0.3324508958137942,
        0.28005894204148585,
        0.5498249773443675,
        0.2953356510256681,
        0.5720459256561774,
        0.37406555290169274,
        0.4737578179996686,
        0.5316368589309788,
        0.5454007353801718,
        0.20096481737201613,
        0.5190758967399061
    ],
    "m4": [
        0.162,
        0.2797735131376537,
        0.19090941779002457,
        0.10119646786018113,
        0.10006341577177587,
        0.10191948564459453,
        0.11777413652441009,
        0.1027194072225851,
        0.32863072957619954,
        0.1009555893128219,
        0.2992048062324148,
        0.1043905765361551,
        0.1008401238741504,
        0.1586930751499901,
        0.14591997747297153,
        0.17478510117368162,
        0.21117751494497594,
        0.36392376623758205,
        0.10562758019779117,
        0.19682526582396864,
        0.1045803940440316
    ],
    "t_index_min": [
        10.0,
        2.0254485827206303,
        2.7681519563604775,
        2.0082630500758105,
        2.000004433296979,
        3.2056051940136046,
        2.1627008727902064,
        2.000488310852497,
        2.0005972199896407,
        2.0005952677287073,
        17.865298270235055,
        2.0134949849780357,
        2.000569529912983,
        13.256021726711262,
        3.8708832868343013,
        6.185737280484633,
        7.963913773911971,
        3.7436863777426344,
        14.61770738416584,
        19.206907201312177,
        5.447012217641911
    ],
    "Q1_(L/h)": [
        0.3622720782646938,
        0.5688381501685614,
        0.40763037700980603,
        0.363197664845932,
        0.5691216037804893,
        0.3590204792320125,
        0.3603172005639049,
        0.3589431928614781,
        0.35904933727274196,
        0.3589286280390339,
        0.3616390313037821,
        0.3655823875627736,
        0.5690575378247577,
        0.5663993620821951,
        0.4329381346592131,
        0.4455908642463948,
        0.4203762335248263,
        0.41448351088540963,
        0.4986798647103821,
        0.5661801426529947,
        0.5685518113582311
    ],
    "Q2_(L/h)": [
        0.27354744473668197,
        0.19738715361320586,
        0.2067568695373344,
        0.28768256680092813,
        0.19074082607668202,
        0.2435407493728012,
        0.28220755436745026,
        0.28688887270517077,
        0.28697627351715405,
        0.28680504757998704,
        0.2468027877666221,
        0.19361772470920766,
        0.30773975969603856,
        0.20687432747635312,
        0.36733520267206177,
        0.29165344472987814,
        0.31952451675410043,
        0.25941670700168434,
        0.3645157985203703,
        0.2017943360423657,
        0.3566972214983096
    ],
    "Q3_(L/h)": [
        0.3223249683824136,
        0.37468610065693075,
        0.35299919317184975,
        0.3700738580958548,
        0.2627854654697104,
        0.3798310029671756,
        0.3788410665197363,
        0.3799114620463178,
        0.3798240682189795,
        0.37990471663404907,
        0.28845440084719676,
        0.26642379943362043,
        0.3798593094836341,
        0.2728475928276283,
        0.3892031269983745,
        0.30595319326197246,
        0.3478733813491541,
        0.3722112803803545,
        0.3779989339058497,
        0.23316504481031436,
        0.3669294473606287
    ],
    "Q4_(L/h)": [
        0.21678049911449426,
        0.26630377775167346,
        0.22893679057860855,
        0.19121286353954584,
        0.19073641978925243,
        0.19151688954881743,
        0.19818370513661937,
        0.19185325328748268,
        0.2868480366318097,
        0.19111157509954957,
        0.27447455670337045,
        0.19255597312117823,
        0.1910630223567473,
        0.21538995079495962,
        0.2100189156745285,
        0.22215658165597982,
        0.23745944220127774,
        0.30168861361698435,
        0.19307612808113775,
        0.2314243803834384,
        0.19263579060375424
    ],
    "V_col_(mL)": [
        159.27874753700252
    ],
    "L_col_(cm)": [
        30
    ],
    "A_col_(cm)": [
        5.3092915845667505
    ],
    "d_col_(cm)": [
        2.6
    ],
    "config": [
        3,
        3,
        3,
        3
    ],
    "e": [
        0.56
    ]
}