{
    "Description": [
        "Description: Optimizting the Glu-Fru system for the sythetic solution on PCR.Ca. 21 iterations. [3 3 3 3] configuration. We placed a upper flowrate constraint of 1<Q<12 L/h"
    ],
    "m1": [
        5.5,
        5.939375205185494,
        5.7326490588968735,
        5.810082793636271,
        5.724367080308571,
        5.917777661718021,
        5.712298790886106,
        5.769978724470903,
        5.97642861401101,
        5.716661492621384,
        5.840826266952659,
        5.993879125664254,
        5.858086083805327,
        5.81273756299137,
        5.786442730383142,
        5.713905583461239,
        5.901149170607731,
        5.786536062007021,
        5.712433864531887,
        5.730129328941457,
        5.720947913206802
    ],
    "m2": [
        4.2,
        4.0,
        4.0,
        4.0,
        4.0,
        4.0,
        4.0,
        4.0,
        4.0,
        4.0,
        4.773065459188877,
        4.0,
        4.0,
        4.0,
        4.0,
        4.0,
        4.0,
        4.0,
        4.0,
        4.0,
        4.0
    ],
    "m3": [
        4.71,
        5.5,
        5.5,
        5.5,
        5.5,
        5.5,
        5.5,
        5.5,
        5.5,
        5.5,
        4.96905829637057,
        5.5,
        5.5,
        5.5,
        5.5,
        5.5,
        5.5,
        5.5,
        5.5,
        5.5,
        5.5
    ],
    "m4": [
        3.0,
        1.7636397413365374,
        1.6816059161011625,
        1.135933635823226,
        2.4405096120161778,
        2.341550430340189,
        3.2395533125030624,
        2.8081130951709126,
        2.766272725528477,
        1.2359720572119839,
        1.4497956030574322,
        1.004150323632813,
        2.5034640849203154,
        2.863973641679703,
        2.9594628237443827,
        1.8630411705599808,
        1.456228325049664,
        2.4924237938257514,
        1.5174079771257913,
        2.0085513485570066,
        1.7518876340508434
    ],
    "t_index_min": [
        10.0,
        2.000000000000001,
        2.000000000000001,
        2.000000000000001,
        2.000000000000001,
        2.000000000000001,
        2.000000000000001,
        2.000000000000001,
        2.000000000000001,
        2.000000000000001,
        3.4508744996222296,
        2.000000000000001,
        2.000000000000001,
        2.000000000000001,
        2.000000000000001,
        2.000000000000001,
        2.000000000000001,
        2.000000000000001,
        2.000000000000001,
        2.000000000000001,
        2.000000000000001
    ],
    "Q1_(L/h)": [
        2.4613875786051453,
        2.6461430480903494,
        2.5592155524973825,
        2.591776119973488,
        2.555733014510965,
        2.6370613697526384,
        2.5506583483672767,
        2.5749125235769035,
        2.6617238543415698,
        2.5524928465315164,
        2.604703624254885,
        2.6690617228311924,
        2.6119613063639537,
        2.5928924395854906,
        2.5818355704535207,
        2.5513339980468226,
        2.630069157525699,
        2.5818748160180958,
        2.550715146280648,
        2.5581560163984065,
        2.554295268785489
    ],
    "Q2_(L/h)": [
        1.914742917058153,
        1.8306437383586152,
        1.8306437383586152,
        1.8306437383586152,
        1.8306437383586152,
        1.8306437383586152,
        1.8306437383586152,
        1.8306437383586152,
        1.8306437383586152,
        1.8306437383586152,
        2.1557145893524416,
        1.8306437383586152,
        1.8306437383586152,
        1.8306437383586152,
        1.8306437383586152,
        1.8306437383586152,
        1.8306437383586152,
        1.8306437383586152,
        1.8306437383586152,
        1.8306437383586152,
        1.8306437383586152
    ],
    "Q3_(L/h)": [
        2.1291958227419725,
        2.4613875786051453,
        2.4613875786051453,
        2.4613875786051453,
        2.4613875786051453,
        2.4613875786051453,
        2.4613875786051453,
        2.4613875786051453,
        2.4613875786051453,
        2.4613875786051453,
        2.2381287725423045,
        2.4613875786051453,
        2.4613875786051453,
        2.4613875786051453,
        2.4613875786051453,
        2.4613875786051453,
        2.4613875786051453,
        2.4613875786051453,
        2.4613875786051453,
        2.4613875786051453,
        2.4613875786051453
    ],
    "Q4_(L/h)": [
        1.4101478448609288,
        0.8902634332092053,
        0.8557685465698232,
        0.6263155935174322,
        1.1748844342623044,
        1.1332725047436594,
        1.5108790290422347,
        1.3294601893643163,
        1.3118664857472466,
        0.668381338903396,
        0.7582932618645214,
        0.57090125190984,
        1.2013565315958055,
        1.352949319779799,
        1.3931021287114498,
        0.9320613260054641,
        0.760998195046267,
        1.196714134527522,
        0.7867239875098958,
        0.9932477583153309,
        0.8853217203556266
    ],
    "V_col_(mL)": [
        159.27874753700252
    ],
    "L_col_(cm)": [
        30
    ],
    "A_col_(cm)": [
        5.3092915845667505
    ],
    "d_col_(cm)": [
        2.6
    ],
    "config": [
        3,
        3,
        3,
        3
    ],
    "e": [
        0.56
    ]
}