{
    "Description": [
        "Description: Optimizting the Glu-Fru system for the sythetic solution on PCR.Ca. 21 iterations. [3 3 3 3] configuration. We placed a upper flowrate constraint of 1<Q<12 L/h"
    ],
    "rec_raff_vals": [
        [
            0.5680268222458111
        ],
        [
            0.8004878491958022
        ],
        [
            0.8135577952213106
        ],
        [
            0.8652139204344357
        ],
        [
            0.7220820720476158
        ],
        [
            0.7297798193922664
        ],
        [
            0.5996296364817052
        ],
        [
            0.667758623710409
        ],
        [
            0.6670398422347312
        ],
        [
            0.8573591393109842
        ],
        [
            0.8356286707942208
        ],
        [
            0.8750904077986162
        ],
        [
            0.7092440696545883
        ],
        [
            0.6571749312161571
        ],
        [
            0.6430194272601639
        ],
        [
            0.7942296938824239
        ],
        [
            0.8338117553480345
        ],
        [
            0.7127337452511616
        ],
        [
            0.8307514303837277
        ],
        [
            0.7770001236813165
        ],
        [
            0.8062430457768908
        ]
    ],
    "rec_ext_vals": [
        [
            0.17019348029266113
        ],
        [
            0.07117352370015446
        ],
        [
            0.060419681836362885
        ],
        [
            0.027442918131057904
        ],
        [
            0.11909197508148274
        ],
        [
            0.11828196225673503
        ],
        [
            0.19521509919653232
        ],
        [
            0.15491097551071914
        ],
        [
            0.16123456974874115
        ],
        [
            0.03202613993237353
        ],
        [
            0.030346594948686818
        ],
        [
            0.021704675475353048
        ],
        [
            0.13050714242555042
        ],
        [
            0.16286591504998757
        ],
        [
            0.17099480792451538
        ],
        [
            0.07274171950814894
        ],
        [
            0.0484241177313125
        ],
        [
            0.12650809334244814
        ],
        [
            0.049079577051553996
        ],
        [
            0.08407528609997592
        ],
        [
            0.06503231134063607
        ]
    ],
    "pur_raff_vals": [
        [
            0.5789716142105482
        ],
        [
            0.5723217455273399
        ],
        [
            0.5724969041893121
        ],
        [
            0.5716952789672265
        ],
        [
            0.5739016209092682
        ],
        [
            0.5733402568150884
        ],
        [
            0.5759301609506062
        ],
        [
            0.5746423278875693
        ],
        [
            0.5740994911265183
        ],
        [
            0.5718782237542428
        ],
        [
            0.5734781876143139
        ],
        [
            0.5714612856585161
        ],
        [
            0.5737533701375038
        ],
        [
            0.5746336192772913
        ],
        [
            0.5749313633459492
        ],
        [
            0.5728454707773263
        ],
        [
            0.5719237837421486
        ],
        [
            0.5738616381651207
        ],
        [
            0.5722563823679241
        ],
        [
            0.5730718305139869
        ],
        [
            0.5726250731359432
        ]
    ],
    "pur_ext_vals": [
        [
            0.4033939136286884
        ],
        [
            0.3838495324544658
        ],
        [
            0.3806521065430946
        ],
        [
            0.34283873543416465
        ],
        [
            0.39911014091924
        ],
        [
            0.3978093222318904
        ],
        [
            0.4063979951942421
        ],
        [
            0.40335637616994874
        ],
        [
            0.40318363325355855
        ],
        [
            0.35298072819318665
        ],
        [
            0.36262531762131217
        ],
        [
            0.32543914353830683
        ],
        [
            0.4000767395233221
        ],
        [
            0.40387010713573357
        ],
        [
            0.4046207372679909
        ],
        [
            0.3870891605149429
        ],
        [
            0.36948611735270126
        ],
        [
            0.399842323121143
        ],
        [
            0.37292173319104305
        ],
        [
            0.39109782854575476
        ],
        [
            0.3833557233900616
        ]
    ]
}