{
    "Description": [
        "Description: Optimizting the Glu-Fru system for the sythetic solution on PCR.Ca. 3 iterations. [1 1 1 1] configuration. We placed a upper flowrate constraint of 1<Q<12 L/h"
    ],
    "rec_raff_vals": [
        [
            0.5409125445654613
        ],
        [
            0.8456021381365545
        ],
        [
            0.6019893617952374
        ]
    ],
    "rec_ext_vals": [
        [
            0.1859138873691251
        ],
        [
            0.026688570513011795
        ],
        [
            0.1381502038330656
        ]
    ],
    "pur_raff_vals": [
        [
            0.5769045217269415
        ],
        [
            0.5749470510257242
        ],
        [
            0.579369410480815
        ]
    ],
    "pur_ext_vals": [
        [
            0.3991792594518196
        ],
        [
            0.37872083229417075
        ],
        [
            0.40408653534148237
        ]
    ]
}