{
    "Description": [
        "Description: Optimizting the Glu-Fru system for the sythetic solution on PCR.Ca. 3 iterations. [1 1 1 1] configuration. We placed a upper flowrate constraint of 1<Q<12 L/h"
    ],
    "rec_raff_vals": [
        [
            0.5409125445654613
        ],
        [
            0.8550077142811777
        ],
        [
            0.6978716646615288
        ]
    ],
    "rec_ext_vals": [
        [
            0.1859138873691251
        ],
        [
            0.012464277277502399
        ],
        [
            0.1281405785278201
        ]
    ],
    "pur_raff_vals": [
        [
            0.5769045217269415
        ],
        [
            0.5759825917672095
        ],
        [
            0.5732856382858343
        ]
    ],
    "pur_ext_vals": [
        [
            0.3991792594518196
        ],
        [
            0.3777585421310526
        ],
        [
            0.39603242321303467
        ]
    ]
}