{
    "Description": [
        "Description: Optimizting the Glu-Fru system for the sythetic solution on PCR.Ca. 21 iterations. [3 3 3 3] configuration. We placed a upper flowrate constraint of 0.1<Q<1 L/h"
    ],
    "rec_raff_vals": [
        [
            0.22209825608285952
        ],
        [
            0.27907817867799745
        ],
        [
            0.271122962947868
        ],
        [
            0.4552082883916386
        ],
        [
            0.0433874982032574
        ],
        [
            0.41966647166053295
        ],
        [
            0.4679555006252878
        ],
        [
            0.47721245573594606
        ],
        [
            0.33430861011014296
        ],
        [
            0.47772747567901236
        ],
        [
            0.018971198240171076
        ],
        [
            0.0508268780024674
        ],
        [
            0.5026636639959281
        ],
        [
            0.025416528756105606
        ],
        [
            0.5522863280940077
        ],
        [
            0.163835720723085
        ],
        [
            0.3616109449924343
        ],
        [
            0.2551255882962987
        ],
        [
            0.528972795452886
        ],
        [
            9.133232194835093e-05
        ],
        [
            0.4912756996820357
        ]
    ],
    "rec_ext_vals": [
        [
            0.30227172681391196
        ],
        [
            0.5848422713896154
        ],
        [
            0.49750698937605325
        ],
        [
            0.1679527234776458
        ],
        [
            0.7167382085572768
        ],
        [
            0.30448581763875465
        ],
        [
            0.17643682803050267
        ],
        [
            0.15823163899237055
        ],
        [
            0.15931885232362972
        ],
        [
            0.15839766483742326
        ],
        [
            0.4326302310934161
        ],
        [
            0.49111935614084834
        ],
        [
            0.2919313129680312
        ],
        [
            0.7836267790790666
        ],
        [
            0.06473375553495637
        ],
        [
            0.3752402348341841
        ],
        [
            0.19731809155713828
        ],
        [
            0.36394260067908923
        ],
        [
            0.07241938752454982
        ],
        [
            0.799654874938228
        ],
        [
            0.1508547777669205
        ]
    ],
    "pur_raff_vals": [
        [
            0.9855899672490912
        ],
        [
            0.8405720550992484
        ],
        [
            0.8946114973251194
        ],
        [
            0.8276321380045388
        ],
        [
            0.9350364256978425
        ],
        [
            0.8643830935979687
        ],
        [
            0.8264516705674859
        ],
        [
            0.8151192376363231
        ],
        [
            0.8136405457947128
        ],
        [
            0.8150441629166563
        ],
        [
            0.9960731970851954
        ],
        [
            0.8342798825264939
        ],
        [
            0.8211131979856494
        ],
        [
            0.9987162658947726
        ],
        [
            0.8424957510037084
        ],
        [
            0.986165166113687
        ],
        [
            0.964159866060845
        ],
        [
            0.8871207040330977
        ],
        [
            0.9303191097527526
        ],
        [
            0.9997394866907409
        ],
        [
            0.9088699256041494
        ]
    ],
    "pur_ext_vals": [
        [
            0.9257978976602456
        ],
        [
            0.6257405563773983
        ],
        [
            0.64385537125097
        ],
        [
            0.8493234979488569
        ],
        [
            0.5446877141135259
        ],
        [
            0.7725890348970177
        ],
        [
            0.8480269762127255
        ],
        [
            0.8473193715923313
        ],
        [
            0.8255002724555032
        ],
        [
            0.8471240665984179
        ],
        [
            0.8148341068024263
        ],
        [
            0.5299940551884103
        ],
        [
            0.8982007655295472
        ],
        [
            0.6150241282070251
        ],
        [
            0.990588321574169
        ],
        [
            0.9476672059184799
        ],
        [
            0.9885089675427234
        ],
        [
            0.8271714611412598
        ],
        [
            0.9994138487353018
        ],
        [
            0.5655820245365232
        ],
        [
            0.9941451870975127
        ]
    ]
}