{
    "Description": [
        "Description: Optimizting the Glu-Fru system for the sythetic solution on PCR.Ca. 21 iterations. [1 1 1 1] configuration. We placed a upper flowrate constraint of 1<Q<12 L/h"
    ],
    "rec_raff_vals": [
        [
            0.5409125445654613
        ],
        [
            0.8633443053896772
        ],
        [
            0.5779348317054422
        ],
        [
            0.781311279194393
        ],
        [
            0.2673732811639358
        ],
        [
            0.8674514883190336
        ],
        [
            0.2993556645242822
        ],
        [
            0.5142300160609332
        ],
        [
            0.8259721318738066
        ],
        [
            0.5201626201846633
        ],
        [
            0.7264199822039242
        ],
        [
            0.5926474509676003
        ],
        [
            0.3012050155659554
        ],
        [
            0.8117693606176571
        ],
        [
            0.856511780631585
        ],
        [
            0.8379136481043322
        ],
        [
            0.6325644698226788
        ],
        [
            0.7492918116528315
        ],
        [
            0.5702543164211453
        ],
        [
            0.5805638529047221
        ],
        [
            0.628042819226324
        ]
    ],
    "rec_ext_vals": [
        [
            0.1859138873691251
        ],
        [
            0.010148932697578305
        ],
        [
            0.1893146215352947
        ],
        [
            0.06628515288750893
        ],
        [
            0.383997658870692
        ],
        [
            0.009216313613705427
        ],
        [
            0.365521135544058
        ],
        [
            0.26838461578987943
        ],
        [
            0.04432197063976924
        ],
        [
            0.2573683241760742
        ],
        [
            0.07716012060914294
        ],
        [
            0.1471492112717753
        ],
        [
            0.2507447413746436
        ],
        [
            0.034354102941917194
        ],
        [
            0.020328932995114832
        ],
        [
            0.03707710187632968
        ],
        [
            0.13135455468120627
        ],
        [
            0.09667517114389011
        ],
        [
            0.17508399181831974
        ],
        [
            0.17408350505021872
        ],
        [
            0.14874169058319686
        ]
    ],
    "pur_raff_vals": [
        [
            0.5769045217269415
        ],
        [
            0.5757820232050886
        ],
        [
            0.5757647631300614
        ],
        [
            0.5730716240563611
        ],
        [
            0.5802433036213342
        ],
        [
            0.5757170184480431
        ],
        [
            0.5784844713139787
        ],
        [
            0.5769530472858734
        ],
        [
            0.5727283525912825
        ],
        [
            0.5744138878390597
        ],
        [
            0.5749272456090203
        ],
        [
            0.5781278237351222
        ],
        [
            0.5857448870592452
        ],
        [
            0.57421540943209
        ],
        [
            0.5748833063014035
        ],
        [
            0.5718259518171351
        ],
        [
            0.5768424988821718
        ],
        [
            0.573039533726482
        ],
        [
            0.5795325646952593
        ],
        [
            0.5750141052214931
        ],
        [
            0.5737657059266964
        ]
    ],
    "pur_ext_vals": [
        [
            0.3991792594518196
        ],
        [
            0.37755855743433053
        ],
        [
            0.4020943832927517
        ],
        [
            0.3825956372133196
        ],
        [
            0.4071811845657586
        ],
        [
            0.37480776073534267
        ],
        [
            0.40568004880140063
        ],
        [
            0.4114316896016411
        ],
        [
            0.37204492510820014
        ],
        [
            0.4054907761471526
        ],
        [
            0.38748305790169185
        ],
        [
            0.40056132463704686
        ],
        [
            0.40269671398688295
        ],
        [
            0.3690881103080914
        ],
        [
            0.37345195073202153
        ],
        [
            0.3506062498167743
        ],
        [
            0.39865339015632734
        ],
        [
            0.3937367792637882
        ],
        [
            0.4079532573468766
        ],
        [
            0.3971604199035246
        ],
        [
            0.39353245722383073
        ]
    ]
}